,rank,account,subscribers_count,views_avg.,likes_avg.,comments_avg.,shares_avg.
0,1,billieeilish,41600000.0,95000000.0,18100000.0,151000.0,54800.0
1,2,badbunny,13400000.0,33300000.0,7300000.0,101900.0,106800.0
2,3,chipmunksoftiktok,11400000.0,25000000.0,3000000.0,21800.0,64200.0
3,4,charlidamelio,135400000.0,18700000.0,2600000.0,54700.0,35200.0
4,5,yessicadcs,263700.0,16700000.0,1400000.0,16200.0,138400.0
5,6,therock,49700000.0,24700000.0,3000000.0,30900.0,16400.0
6,7,the_pruld,433300.0,12200000.0,2700000.0,36300.0,56600.0
7,8,lukedonkin,2000000.0,14000000.0,2400000.0,34000.0,54900.0
8,9,mastertingus,1300000.0,13400000.0,2000000.0,32500.0,44100.0
9,10,txt.bighitent,15300000.0,7200000.0,2200000.0,57200.0,31000.0
10,11,besttoks,1800000.0,55900000.0,1500000.0,3300.0,12700.0
11,12,machinegunkelly,3200000.0,17500000.0,1400000.0,26800.0,23300.0
12,13,jenniferkershner,12500.0,6400000.0,1600000.0,22600.0,62000.0
13,14,noahschnapp,20100000.0,8600000.0,1800000.0,42000.0,11300.0
14,15,bdylanhollis,6400000.0,9100000.0,1500000.0,12400.0,46100.0
15,16,fisherbenny,3700000.0,13100000.0,1100000.0,7000.0,41700.0
16,17,sylvaniandrama,1800000.0,5500000.0,1300000.0,32700.000000000004,56500.0
17,18,iamferv,24600000.0,12900000.0,1900000.0,15800.0,8300.0
18,19,mercyfno,404500.0,11800000.0,1400000.0,17400.0,18100.0
19,20,userbigbabywithdaoil,601800.0,8700000.0,414200.0,23600.0,125400.0
20,21,bellapoarch,87900000.0,15400000.0,1800000.0,16400.0,3100.0
21,22,jacobwitzling,236000.0,9500000.0,1100000.0,11600.0,35400.0
22,23,karna.val,22400000.0,11800000.0,1300000.0,17300.0,12600.0
23,24,kimberly.loaiza,59000000.0,10400000.0,1600000.0,22500.0,4900.0
24,25,parthpatel___,179600.0,14100000.0,1400000.0,16700.0,6200.0
25,26,enhypen,10100000.0,4800000.0,1200000.0,44300.0,32200.000000000004
26,27,jasminechiswell,14700000.0,13900000.0,1900000.0,13900.0,1800.0
27,28,khaby.lame,131100000.0,13800000.0,1600000.0,12700.0,5900.0
28,29,y_chun,1600000.0,9300000.0,2600000.0,5300.0,10700.0
29,30,miakhalifa,31800000.0,13800000.0,1200000.0,9400.0,13500.0
30,31,domelipa,48500000.0,9700000.0,1600000.0,15000.0,7400.0
31,32,deepins,16600000.000000002,9700000.0,1400000.0,13200.0,9700.0
32,33,kennethkaas,102500.0,12000000.0,1200000.0,13000.0,8300.0
33,34,swagboygorringe,4500000.0,5700000.0,969700.0,24900.0,25100.0
34,35,official_nct,7000000.0,4000000.0,851700.0,35500.0,35700.0
35,36,jao,1100000.0,8100000.0,1200000.0,15600.0,9100.0
36,37,kjsmoothh,2000000.0,6700000.0,866500.0,11800.0,28800.0
37,38,loganpaul,14000000.0,12200000.0,1500000.0,8800.0,4300.0
38,39,pongamoslo_a_prueba,28100000.0,13200000.0,1700000.0,4600.0,5600.0
39,40,nei.okey,9700.0,5200000.0,1100000.0,26200.0,12900.0
40,41,bintangemontersenyum,982600.0,5700000.0,718100.0,19100.0,34900.0
41,42,mero_428,1300000.0,585300.0,70900.0,3000.0,5300000.0
42,43,zeth,10600000.0,8500000.0,1300000.0,6000.0,13400.0
43,44,addisonre,86500000.0,9500000.0,1100000.0,12900.0,6900.0
44,45,savanahmosss,8600000.0,10300000.0,1600000.0,6000.0,6700.0
45,46,kaliandarie,327000.0,8700000.0,1500000.0,7900.0,7400.0
46,47,nilered,8400000.0,6500000.0,1200000.0,10800.0,12200.0
47,48,.raquel_e,717700.0,7200000.0,194700.0,1300.0,128900.0
48,49,mackenzieziegler,22000000.0,10300000.0,1600000.0,7300.0,3400.0
49,50,kimandnorth,5700000.0,12700000.0,1600000.0,0.0,8600.0
50,51,kimandnorth,5700000.0,12700000.0,1600000.0,0.0,8600.0
51,52,druskitv,3000000.0,4800000.0,866700.0,9000.0,31800.0
52,53,nicolebernaal,3400000.0,8700000.0,893400.0,19600.0,1300.0
53,54,alexisomman,9000000.0,3700000.0,799200.0,11100.0,43500.0
54,55,trungruoi93,1900000.0,20400000.0,677000.0,2900.0,8700.0
55,56,the_trickstars,1600000.0,4200000.0,744200.0,9600.0,41200.0
56,57,os.sksk,3200000.0,12600000.0,835500.0,5800.0,9100.0
57,58,alexitoxedits,1900000.0,3400000.0,1500000.0,16700.0,15100.0
58,59,soysuco,8000000.0,6200000.0,951700.0,20200.0,4000.0
59,60,evcnoble,9400000.0,4600000.0,1000000.0,5400.0,25400.0
60,61,nekoglai,8800000.0,8900000.0,983100.0,11200.0,5100.0
61,62,evlawler,4600000.0,6800000.0,1000000.0,7700.0,12100.0
62,63,ahw5d,2500000.0,10500000.0,649100.0,17700.0,689.0
63,64,axelwebber,4100000.0,7300000.0,1600000.0,8100.0,2700.0
64,65,madison.darwin,50500.0,18700000.0,601900.0,4800.0,5400.0
65,66,strangehumano,7600000.0,7800000.0,1100000.0,6800.0,6200.0
66,67,alexschlab,997700.0,5200000.0,1800000.0,7600.0,4500.0
67,68,masonramsey,1800000.0,10200000.0,1000000.0,6100.0,4100.0
68,69,connordewolfe,5100000.0,4600000.0,1100000.0,5600.0,15900.0
69,70,drewafualo,5700000.0,5000000.0,1100000.0,13200.0,5300.0
70,71,johnnysins,6900000.0,6000000.0,667400.0,10600.0,14200.0
71,72,fujiiian,10300000.0,9300000.0,1200000.0,5400.0,3200.0
72,73,willsmith,65599999.99999999,4800000.0,736600.0,6400.0,20100.0
73,74,jdpantoja,25700000.0,6500000.0,1200000.0,10000.0,1900.0
74,75,thongsoaicavip,873900.0,8900000.0,484300.0,12200.0,8400.0
75,76,vhackerr,13500000.0,5000000.0,742700.0,16300.0,7600.0
76,77,fadiljaidi,6900000.0,8400000.0,866300.0,7400.0,4500.0
77,78,seventeen17_official,3700000.0,2500000.0,932500.0,22200.0,14100.0
78,79,sucss.s,9200000.0,6800000.0,1000000.0,7600.0,4200.0
79,80,usnan_tanong,16000.0,5800000.0,405900.0,17400.0,16200.0
80,81,adrianbliss,4600000.0,4600000.0,800300.0,3400.0,18000.0
81,82,deborahyowa,6600000.0,11000000.0,602500.0,8100.0,3200.0
82,83,stephaniebeatriz,1000000.0,4400000.0,940400.0,6200.0,10800.0
83,84,candrasptr_,494000.0,3900000.0,575300.0,3300.0,27200.0
84,85,mycaninelife,134000.0,3700000.0,660600.0,4100.0,23300.0
85,86,vinnyguadagnino,2700000.0,7100000.0,505100.0,2300.0,16200.0
86,87,nguyenphucloi30,1000000.0,4800000.0,251600.0,38400.0,15800.0
87,88,tydollasign,576600.0,5100000.0,1100000.0,3200.0,8900.0
88,89,vanessalopesr,19300000.0,6700000.0,725600.0,7400.0,6000.0
89,90,tifannylm,7500000.0,8700000.0,1200000.0,4900.0,1100.0
90,91,lelepons,26200000.0,8100000.0,901900.0,2500.0,6000.0
91,92,mynamsissihab,730400.0,7200000.0,813100.0,4300.0,6100.0
92,93,jakefellman,12000000.0,8199999.999999999,603700.0,8500.0,3800.0
93,94,thoriqhal,3300000.0,8000000.0,1100000.0,4900.0,1900.0
94,95,adinross,4600000.0,5800000.0,839700.0,6900.0,5200.0
95,96,kallmekris,42600000.0,5600000.0,1100000.0,5200.0,4300.0
96,97,isaiahgarza,7300000.0,6500000.0,1100000.0,4700.0,3200.0
97,98,lyrico__,2800000.0,3000000.0,369500.0,6400.0,44200.0
98,99,00h.88m,2500000.0,4300000.0,602300.0,2500.0,18800.0
99,100,pinchulli,2100000.0,5400000.0,566600.0,2000.0,15700.0
100,101,soydekko,4400000.0,5800000.0,1100000.0,7700.0,853.0
101,102,thebenjishowfr,5200000.0,5400000.0,717500.0,5000.0,7900.0
102,103,thelivingtombstone,1200000.0,3900000.0,908900.0,9100.0,4800.0
103,104,_monaalawi,11200000.0,7400000.0,952300.0,4600.0,2400.0
104,105,uncletics,3700000.0,3800000.0,430200.0,3300.0,27200.0
105,106,soojinicoreana,16500000.0,7500000.0,1200000.0,3800.0,1700.0
106,107,agc.andy,2400000.0,3500000.0,851000.0,6800.0,9400.0
107,108,dima_maslen,4500000.0,6000000.0,648600.0,10400.0,2100.0
108,109,girlsontop_sm,1000000.0,4800000.0,1000000.0,5900.0,3700.0
109,110,nicocaponecomedy,18900000.0,9300000.0,516900.0,2900.0,7100.0
110,111,mrbeast,32900000.0,4300000.0,642200.0,13500.0,3300.0
111,112,selinamichelle96,20500.0,3500000.0,650700.0,3100.0,17200.0
112,113,billlnai,8300000.000000001,5000000.0,1200000.0,4900.0,3100.0
113,114,give_my_oscar,862100.0,3900000.0,626900.0,2700.0,15700.0
114,115,piperrockelle,8199999.999999999,4300000.0,527100.0,17000.0,2700.0
115,116,amauryguichon,2500000.0,5700000.0,672500.0,4500.0,7000.0
116,117,sofarsabi,5100000.0,6100000.0,755600.0,7600.0,1600.0
117,118,joaoguilherme,6300000.0,5500000.0,726100.0,8100.0,2400.0
118,119,c4tluvr666,2200000.0,5300000.0,1100000.0,4900.0,2000.0
119,120,zachking,67099999.99999999,10600000.0,709800.0,3200.0,2200.0
120,121,ayesebastien,7000000.0,4500000.0,716500.0,3900.0,8900.0
121,122,jake2r,1800000.0,2900000.0,666500.0,3900.0,17000.0
122,123,murda10k,1800000.0,3700000.0,1000000.0,5000.0,5900.0
123,124,itssassagurl,4600000.0,4300000.0,665700.0,7300.0,6900.0
124,125,gingerbilly1,5600000.0,2800000.0,322600.0,3000.0,41200.0
125,126,beniju03,2100000.0,4200000.0,679400.0,11100.0,2800.0
126,127,madisonpettis,2500000.0,5600000.0,980200.0,3100.0,4100.0
127,128,dixiedamelio,57000000.0,6200000.0,705400.0,5900.0,3000.0
128,129,elrodcontreras,39300000.0,5000000.0,801600.0,8200.0,1500.0
129,130,qamar_altaey,2500000.0,4300000.0,391900.0,10900.0,11800.0
130,131,jennmelon,1800000.0,3400000.0,888800.0,5600.0,7000.0
131,132,nourmar5,14200000.0,4100000.0,312700.0,15400.0,14200.0
132,133,jaykindafunny8,22300000.0,12000000.0,467800.0,2600.0,4000.0
133,134,itsjulia.a,16700.0,4500000.0,748500.0,3800.0,7000.0
134,135,spencer_serafica,11800000.0,4900000.0,821900.0,6600.0,2500.0
135,136,angelaaguilar_,8100000.0,10500000.0,747900.0,2600.0,2000.0
136,137,pkllipe,15700000.0,5100000.0,775500.0,3700.0,5300.0
137,138,hayleygeorgiamorris,2700000.0,3300000.0,489600.0,2200.0,19400.0
138,139,twice_tiktok_official,13200000.0,2400000.0,779200.0,13800.0,4800.0
139,140,lexibrookerivera,20500000.0,5700000.0,682800.0,5900.0,2700.0
140,141,theandrewschulz,2100000.0,4200000.0,445600.0,1800.0,16100.000000000002
141,142,kallmewhateveryouwant,10600000.0,5000000.0,713800.0,4600.0,4700.0
142,143,larrayeeee,25500000.0,4400000.0,797700.0,6800.0,2600.0
143,144,anaraquelhz,2600000.0,4500000.0,376900.0,4700.0,14300.0
144,145,mr_paul.boy,6700000.0,4100000.0,806800.0,5300.0,4300.0
145,146,connoralik,7400000.0,8300000.000000001,645700.0,3100.0,2800.0
146,147,unkabogableviceganda,8199999.999999999,7500000.0,813500.0,3300.0,1900.0
147,148,ivanzolo2004,3400000.0,5500000.0,409000.0,11600.0,2400.0
148,149,charlieputh,15400000.0,5400000.0,778700.0,5700.0,1600.0
149,150,fayx.lct,2900000.0,2600000.0,447100.0,25700.0,1200.0
150,151,thecoreyb,8300000.000000001,3300000.0,427500.0,1800.0,20200.0
151,152,liquidverve,1100000.0,10100000.0,926500.0,1400.0,1900.0
152,153,lai8747,1800000.0,5300000.0,446100.0,8100.0,4800.0
153,154,max7424453118,2800000.0,3500000.0,572600.0,5200.0,9500.0
154,155,bella.k.hadid,4000000.0,4100000.0,763100.0,6300.0,3200.0
155,156,bayashi.tiktok,19300000.0,5800000.0,673900.0,5500.0,1800.0
156,157,virginiafonseca,29100000.0,6000000.0,766000.0,4400.0,1800.0
157,158,pigpongyt,2500000.0,9000000.0,625300.0,2500.0,2500.0
158,159,halsey,4100000.0,3700000.0,692500.0,6200.0,4700.0
159,160,com.yuta0305,960300.0,2500000.0,346300.0,20100.0,12800.0
160,161,aliprasetya6,6400.0,5100000.0,469900.0,4000.0,7400.0
161,162,joshiiwuhhh,3000000.0,6300000.0,722700.0,1600.0,4300.0
162,163,yesikanoemitamayo,936200.0,3000000.0,1000000.0,2400.0,6600.0
163,164,eyavanana,8700000.0,4900000.0,773100.0,5100.0,2000.0
164,165,arigameplays,18000000.0,4800000.0,656500.0,5500.0,3000.0
165,166,thallyssonsb,7700000.0,3400000.0,558000.0,5400.0,8800.0
166,167,jamescharles,35700000.0,6100000.0,672700.0,5400.0,1100.0
167,168,kervo.dolo,4600000.0,4300000.0,619800.0,3000.0,6900.0
168,169,tombrady,3300000.0,3800000.0,485700.0,10600.0,3700.0
169,170,thealpharaid,175500.0,4400000.0,398600.0,3800.0,11100.0
170,171,luxurydark,1300000.0,4200000.0,362300.0,10700.0,6100.0
171,172,mdmotivator,5600000.0,6300000.0,866700.0,3100.0,1500.0
172,173,christianfabiannn,11100000.0,5600000.0,682500.0,5900.0,599.0
173,174,trainee_a,2200000.0,2500000.0,590900.0,9500.0,7000.0
174,175,mikaylahau,4100000.0,4100000.0,528300.0,2600.0,8500.0
175,176,mieayamthebstt,12300000.0,5100000.0,621000.0,5800.0,1800.0
176,177,shayrudolph,2700000.0,3000000.0,672300.0,8300.0,3300.0
177,178,louflores_,2600000.0,4000000.0,470400.0,1300.0,11000.0
178,179,charlidameilo,1400000.0,2700000.0,415800.0,8000.0,12200.0
179,180,01ayres,5500000.0,4400000.0,728200.0,4200.0,2700.0
180,181,samkamusic,11700000.0,4700000.0,548000.0,5000.0,3500.0
181,182,tararistic4,607400.0,3400000.0,267200.0,3700.0,20300.0
182,183,ferchugimenez,3400000.0,5600000.0,704600.0,2100.0,3400.0
183,184,aliciacastro___,2300000.0,5200000.0,900800.0,3200.0,1400.0
184,185,mkbhd,1300000.0,3400000.0,450600.0,3200.0,10700.0
185,186,angryreactions,25500000.0,4700000.0,533000.0,5900.0,2500.0
186,187,joaoumdoce,1900000.0,6400000.0,453500.0,4300.0,2900.0
187,188,brittikitty,10900000.0,3400000.0,422400.0,5300.0,9200.0
188,189,adifishy,2300000.0,21500000.0,397000.0,1100.0,1300.0
189,190,hannahstocking,25600000.0,6200000.0,960700.0,2500.0,883.0
190,191,shindonggg,1600000.0,3000000.0,563100.0,7500.0,4500.0
191,192,luelvesfelix,4000000.0,3600000.0,371900.0,2500.0,12300.0
192,193,aviranisha,2800000.0,5700000.0,720300.0,3900.0,915.0
193,194,itskeyonn,572400.0,1900000.0,492800.0,6400.0,14600.0
194,195,lindseyjswyatt,1900000.0,3600000.0,735900.0,4700.0,2600.0
195,196,samseats,8600000.0,4200000.0,665600.0,3400.0,3400.0
196,197,lachama4_ff,7500000.0,3700000.0,512900.0,9400.0,677.0
197,198,siennamae,13800000.0,17500000.0,423100.0,0.0,2600.0
198,199,prillylatuconsina15,6000000.0,3700000.0,520500.0,3600.0,6100.0
199,200,itsmenicksmithy,5100000.0,2800000.0,447300.0,7200.0,7400.0
200,201,emilen_im,4000000.0,5300000.0,663100.0,4000.0,1200.0
201,202,abir.sag,9200000.0,3300000.0,401700.0,9300.0,4000.0
202,203,ynchq,3000000.0,4100000.0,613300.0,2700.0,4200.0
203,204,christiankesniel,2100000.0,4700000.0,661800.0,3800.0,1800.0
204,205,bittersweetbynajla,4300000.0,3700000.0,491500.0,8100.0,1300.0
205,206,theovon,1300000.0,3300000.0,346000.0,2600.0,12300.0
206,207,abbieherbert,11500000.0,5900000.0,704000.0,2300.0,1700.0
207,208,yesimresmi1,15800000.0,7000000.0,396700.0,4200.0,1800.0
208,209,asasteinars,352800.0,4200000.0,1600000.0,1200.0,1300.0
209,210,thesupercole,21900000.0,5300000.0,627100.0,4000.0,966.0
210,211,sergioramos,9200000.0,4400000.0,514900.0,6000.0,1100.0
211,212,cerolzera,3800000.0,2400000.0,335200.0,17100.0,3400.0
212,213,taniadulce1,2900000.0,5100000.0,262700.0,11400.0,756.0
213,214,yns_btray,603700.0,5500000.0,355900.0,4200.0,4000.0
214,215,yungdaddycack,615200.0,2600000.0,449000.0,7200.0,6700.0
215,216,caleb.finn,14700000.0,4700000.0,815100.0,3300.0,842.0
216,217,history.war,3000000.0,12700000.0,487800.0,1300.0,1200.0
217,218,user4350486101671,16100000.000000002,2800000.0,534600.0,7000.0,3500.0
218,219,mang_ari8450,3500000.0,6900000.0,303900.0,6700.0,701.0
219,220,jaimeonod,926300.0,2900000.0,352700.0,9200.0,6000.0
220,221,iamjonathanpeter,12200000.0,4200000.0,586600.0,2200.0,4100.0
221,222,mmmjoemele,20400000.0,5500000.0,606800.0,2200.0,2400.0
222,223,gritside,3300000.0,3300000.0,389800.0,1700.0,10200.0
223,224,keniaos,13300000.0,3200000.0,539500.0,6400.0,2300.0
224,225,hoaa.hanassii,9400000.0,5300000.0,638800.0,3100.0,1300.0
225,226,jamesmaddison,1200000.0,3300000.0,363500.0,11900.0,514.0
226,227,williesalim,7000000.0,5900000.0,473100.0,3900.0,1400.0
227,228,maxtaylorlifts,7100000.0,2600000.0,478200.0,5000.0,6700.0
228,229,championsleague,8700000.0,3900000.0,540200.0,3400.0,3500.0
229,230,imdopemar,3400000.0,2400000.0,382900.0,5500.0,10200.0
230,231,ndn2307,4200000.0,6900000.0,615200.0,2700.0,733.0
231,232,colleen,8600000.0,3900000.0,743000.0,3200.0,1700.0
232,233,nessaabarrett,17800000.0,3300000.0,426800.0,4800.0,5200.0
233,234,blythe,16700000.0,6000000.0,553100.0,2200.0,2000.0
234,235,sunduk91,1700000.0,3600000.0,191900.0,912.0,19300.0
235,236,oliviagobrien,1400000.0,3500000.0,607000.0,4000.0,2500.0
236,237,arroncrascall,4300000.0,2600000.0,268900.0,2800.0,16400.0
237,238,tooturnttony,14500000.0,5400000.0,375900.0,3200.0,3300.0
238,239,daregularsauce,839500.0,2800000.0,545700.0,4900.0,3700.0
239,240,arfaytb,249300.0,2100000.0,348200.0,1100.0,16400.0
240,241,joaoferdnan,7100000.0,2100000.0,353900.0,6200.0,11200.0
241,242,ser_jay,4400000.0,2500000.0,448200.0,2800.0,8700.0
242,243,maiaknight,7200000.0,4200000.0,729600.0,3000.0,1100.0
243,244,xpersss,599700.0,2500000.0,453600.0,1800.0,9300.0
244,245,trevorwallace,6900000.0,3000000.0,392600.0,1300.0,9400.0
245,246,p0_2,1300000.0,4400000.0,219800.0,11400.0,1700.0
246,247,i_am_doshik1,18300000.0,4000000.0,430500.0,6300.0,1000.0
247,248,francoescamillaofficial,10900000.0,3800000.0,497900.0,762.0,5800.0
248,249,honeybobabear,7200000.0,5200000.0,620000.0,3000.0,823.0
249,250,jackjos3ph,2300000.0,2400000.0,327500.0,5000.0,10700.0
250,251,nikkietutorials,4800000.0,4100000.0,628300.0,3200.0,1600.0
251,252,cellat36,8100000.0,3500000.0,252700.0,10700.0,3100.0
252,253,claragnds,15200000.0,3400000.0,401100.0,6400.0,2500.0
253,254,ericfinchofficial,2700000.0,6100000.0,213200.0,2400.0,7000.0
254,255,jbdjebb,810000.0,2800000.0,486700.0,6800.0,2200.0
255,256,basechkaa,107900.0,2300000.0,432700.0,4800.0,7400.0
256,257,ya_gazdanova,3000000.0,3100000.0,196000.0,865.0,18600.0
257,258,rud.petruchi,178300.0,3300000.0,459500.0,3200.0,4600.0
258,259,vhongx44,5100000.0,4800000.0,524800.0,2700.0,2000.0
259,260,jeffthekiller_xd1,592800.0,2900000.0,439500.0,6100.0,3100.0
260,261,antonioslimgovea,7100000.0,3200000.0,459600.0,1700.0,6200.0
261,262,rayssabuq,5000000.0,3000000.0,403000.0,5300.0,4200.0
262,263,josh.zilberberg,2500000.0,2100000.0,259100.00000000003,915.0,20000.0
263,264,tommyinnit,11200000.0,2400000.0,524700.0,7000.0,2000.0
264,265,thesierracapri,2200000.0,4400000.0,889200.0,2200.0,673.0
265,266,yailinlamasviraloficial_,1800000.0,7500000.0,208400.0,5600.0,1600.0
266,267,neildegrassetyson,3800000.0,2300000.0,299700.0,6600.0,10000.0
267,268,dovecameron,7300000.0,2400000.0,588500.0,6400.0,1400.0
268,269,pollerocho,2600000.0,3200000.0,429500.0,1600.0,6500.0
269,270,bretmanrock,13900000.0,3700000.0,598600.0,2700.0,2300.0
270,271,thee.marlie.b,1700000.0,1900000.0,201700.0,2500.0,26100.0
271,272,sabrinacarpenter,11700000.0,3700000.0,474600.0,4400.0,1900.0
272,273,andcarli,4000000.0,10100000.0,338200.0,2100.0,1000.0
273,274,its_darcilynne,3900000.0,2400000.0,838700.0,3600.0,1900.0
274,275,artbydemarcusshawn,5800000.0,2500000.0,337000.0,4400.0,8200.0
275,276,limeu,615600.0,2700000.0,456700.0,2500.0,6000.0
276,277,official_kep1er,2800000.0,3300000.0,489700.0,3900.0,2700.0
277,278,rodezel,1200000.0,2700000.0,497000.0,3400.0,4500.0
278,279,willuzi,1200000.0,1700000.0,367000.0,8900.0,8400.0
279,280,junya1gou,41300000.0,5300000.0,184100.0,5900.0,4800.0
280,281,rachaeloneil,907500.0,2800000.0,511500.0,3500.0,3800.0
281,282,jacksepticeye,3600000.0,2700000.0,486000.0,5400.0,2400.0
282,283,daniel.khosravi,3200000.0,1700000.0,238200.0,6200.0,19200.0
283,284,hmg....4,1700000.0,2700000.0,312200.0,5700.0,6400.0
284,285,hannahowo6669,5400000.0,3100000.0,344400.0,5100.0,4600.0
285,286,jdiasss_,6800000.0,2800000.0,502800.0,4900.0,2300.0
286,287,flavinhalouise,9900000.0,3500000.0,309400.0,2200.0,7200.0
287,288,edgardumali,7400000.0,3300000.0,385000.0,5700.0,2200.0
288,289,mensagensprclaudioduarte,1600000.0,1700000.0,131500.0,484.0,45100.0
289,290,jombospice,6700000.0,3000000.0,348700.0,7000.0,2800.0
290,291,belinaysandikci,1000000.0,3300000.0,291800.0,1600.0,8700.0
291,292,danielarodrice,9600000.0,5300000.0,789700.0,1600.0,790.0
292,293,laurahfritz,2400000.0,3100000.0,522000.0,2200.0,4000.0
293,294,whoamirony,293000.0,2100000.0,903300.0,2200.0,3000.0
294,295,iamcindymiranda,350800.0,2200000.0,247600.0,8000.0,9800.0
295,296,lizzo,21000000.0,3000000.0,604400.0,4300.0,1100.0
296,297,sonyakisa8,16000000.0,4300000.0,315900.0,1000.0,6100.0
297,298,fadlyfsl_,2100000.0,4700000.0,531700.0,2800.0,1200.0
298,299,astrofalls_,1500000.0,2000000.0,504300.0,6200.0,3100.0
299,300,nianaguerrero,29600000.0,3600000.0,478900.0,3700.0,1900.0
300,301,lisav_,1800000.0,2600000.0,541700.0,2900.0,3900.0
301,302,michou_yt,6300000.0,3900000.0,515200.00000000006,3400.0,1300.0
302,303,siscakohl,10000000.0,3900000.0,370600.0,5300.0,1100.0
303,304,fabru_blacutt,16200000.0,5200000.0,426500.0,3500.0,775.0
304,305,wenniedapoo,313200.0,2700000.0,298900.0,4000.0,7400.0
305,306,ratuauliaa22,11600000.0,3400000.0,398600.0,5400.0,1400.0
306,307,chamberlin_kevin,8199999.999999999,2100000.0,403900.0,8400.0,2700.0
307,308,oppomexico,290100.0,32200000.000000004,116700.0,1700.0,771.0
308,309,ayuwisya666,1500000.0,3200000.0,380500.0,6300.0,1200.0
309,310,com.yuma1214,746400.0,2200000.0,332400.0,7800.0,4600.0
310,311,dilanjaniyar,1500000.0,4200000.0,499300.0,3600.0,722.0
311,312,shabdanovaaa,640500.0,3000000.0,300400.0,564.0,9400.0
312,313,slavamarlow,3600000.0,6900000.0,450300.0,2300.0,621.0
313,314,jahdedios.77,795300.0,1500000.0,350500.0,13900.0,3700.0
314,315,cesarpantoja.n,12000000.0,3000000.0,413500.0,6900.0,348.0
315,316,alexwaarren,14800000.0,4700000.0,862400.0,1400.0,783.0
316,317,onlyjayus,17100000.0,2400000.0,383700.0,6200.0,3400.0
317,318,brentfordfc,762600.0,2600000.0,308200.0,6500.0,4500.0
318,319,codenamejesse,1300000.0,2700000.0,491700.0,3300.0,3300.0
319,320,h2woofficial,4900000.0,3500000.0,438800.0,3800.0,1900.0
320,321,misskatiebug,820100.0,1400000.0,323200.0,6900.0,12400.0
321,322,_tusya_kiskis,5600000.0,2400000.0,247800.0,3200.0,11400.0
322,323,jasonderulo,51300000.0,3200000.0,452000.0,4000.0,1900.0
323,324,brandonspam_,6800000.0,3700000.0,453300.0,4200.0,862.0
324,325,brentrivera,42400000.0,3800000.0,524600.0,2800.0,1400.0
325,326,ilusha_help,4300000.0,4400000.0,145700.0,2000.0,10900.0
326,327,cbum,1400000.0,3000000.0,370900.0,2400.0,5200.0
327,328,alaa.ayyman,7400000.0,5100000.0,412400.0,2200.0,1700.0
328,329,marinemammalrescue,1500000.0,1300000.0,335900.0,3800.0,14900.0
329,330,phamvinh99,2400000.0,4500000.0,442200.0,2700.0,1500.0
330,331,anisatcheba,779600.0,2400000.0,147500.0,3200.0,20100.0
331,332,thefatkage,652700.0,2800000.0,490900.0,3200.0,2600.0
332,333,jack.wright,10200000.0,3800000.0,491600.0,3700.0,601.0
333,334,baraa.bolat,1100000.0,4800000.0,200500.0,4800.0,3600.0
334,335,lights.are.off,18100000.0,2800000.0,357300.0,4700.0,3300.0
335,336,pandkourt,3000000.0,3900000.0,835900.0,0.0,2500.0
336,337,chang._.a,20300000.0,1900000.0,399500.0,9400.0,1100.0
337,338,itsmatheuscosta,4100000.0,2400000.0,320500.0,3400.0,6900.0
338,339,juliagisella,10000000.0,1500000.0,297000.0,6000.0,11700.0
339,340,notshanebennett,2000000.0,4100000.0,569800.0,2500.0,853.0
340,341,39jeshi,2100000.0,1600000.0,641300.0,5600.0,2000.0
341,342,emillyvickof,8800000.0,6100000.0,522100.0,1600.0,902.0
342,343,haileybieber,7400000.0,2600000.0,414500.0,3800.0,3300.0
343,344,robegrill,9600000.0,3200000.0,387500.0,2800.0,3400.0
344,345,diegodiego_,6900000.0,3100000.0,481400.0,3200.0,1900.0
345,346,nicollefigueroaa,9100000.0,3700000.0,470100.0,3300.0,1100.0
346,347,danythegaggio,2600000.0,1800000.0,269900.0,2900.0,12700.0
347,348,klrdubs,6200000.0,2000000.0,385800.0,1500.0,8300.0
348,349,benoftheweek,10000000.0,2800000.0,432600.0,5500.0,772.0
349,350,cemresolmaz,10100000.0,2900000.0,218000.0,10000.0,1900.0
350,351,jimena.jimenezr,22600000.0,3500000.0,485000.0,1800.0,2600.0
351,352,carolcastromx,7900000.0,3800000.0,527000.0,3200.0,517.0
352,353,kalebkonig,1200000.0,2400000.0,332500.0,5000.0,4500.0
353,354,gemeasdafer,2200000.0,3600000.0,359900.0,2300.0,3400.0
354,355,montpantoja,31600000.0,3300000.0,571300.0,3100.0,828.0
355,356,scottkress_,2700000.0,1500000.0,357900.0,8300.0,5800.0
356,357,com.yamato0515,1600000.0,2100000.0,274900.0,8100.0,4600.0
357,358,imshawnsutton,4600000.0,3300000.0,346900.0,1500.0,4800.0
358,359,vadim_rush,2800000.0,2300000.0,346000.0,5500.0,3600.0
359,360,jakepaul,15900000.0,3800000.0,377900.0,3500.0,1600.0
360,361,barbaracoura,7300000.0,2700000.0,426800.0,3600.0,2600.0
361,362,lucaluceofficial,1600000.0,4100000.0,286100.0,3700.0,2500.0
362,363,afrae.es,5700000.0,4800000.0,317100.0,1700.0,3000.0
363,364,_bangtanbtss_,3700000.0,1700000.0,412900.0,1900.0,8100.0
364,365,_dirtyelbows,5600.0,2700000.0,330700.0,4000.0,3800.0
365,366,maharanikemala,3000000.0,2900000.0,318800.0,5500.0,2100.0
366,367,leeansalinass,898300.0,4100000.0,373300.0,2600.0,2100.0
367,368,iben_ma,5100000.0,4700000.0,376800.0,3600.0,334.0
368,369,theonlycb3,5000000.0,2100000.0,416700.0,3200.0,4700.0
369,370,sehataqua,172600.0,24300000.0,123100.0,1300.0,965.0
370,371,divabry,2700000.0,2600000.0,394100.0,2500.0,4200.0
371,372,efdewee,5900000.0,3400000.0,238800.0,7300.0,1300.0
372,373,murat_yilmaz87,964900.0,5400000.0,223400.0,3000.0,2600.0
373,374,kaan.etm,2500000.0,1700000.0,384200.0,6400.0,4100.0
374,375,betel70,524500.0,3400000.0,283600.0,2900.0,4200.0
375,376,jake.mutch,589100.0,1200000.0,298500.0,1300.0,17400.0
376,377,robsonabreu,2900000.0,2400000.0,159400.0,16700.0,773.0
377,378,jeison_giraldo,23900000.0,4600000.0,565600.0,2200.0,395.0
378,379,gemelasabello2,12000000.0,5500000.0,463800.0,1100.0,1500.0
379,380,miketoks,10600000.0,3300000.0,365800.0,2500.0,2900.0
380,381,nobrutv,7800000.0,3300000.0,328300.0,4200.0,1900.0
381,382,reba,2400000.0,1900000.0,303400.0,7400.0,4000.0
382,383,mndiaye_97,14100000.0,2200000.0,427500.0,3700.0,3200.0
383,384,king.science,12700000.0,2200000.0,592900.0,3100.0,1900.0
384,385,ana_eusse,9600000.0,4400000.0,570200.0,2100.0,460.0
385,386,___nicoichi___,1100000.0,2600000.0,297200.0,4900.0,3300.0
386,387,leaelui,16800000.0,3600000.0,454100.0,1900.0,2000.0
387,388,oironyoliveira,5600000.0,1600000.0,142800.0,705.0,26900.0
388,389,beasteater,17400000.0,4800000.0,460200.0,2100.0,713.0
389,390,alejandroppuente,351700.0,2000000.0,363900.0,5900.0,2900.0
390,391,chris,6400000.0,3100000.0,431100.0,2500.0,2200.0
391,392,stephen_benihagan,8700000.0,5300000.0,209600.0,4800.0,788.0
392,393,milos.guzel,4700000.0,3400000.0,490400.0,2500.0,1300.0
393,394,greeicybaila,8000000.0,4600000.0,494700.0,1400.0,1300.0
394,395,cocinaconcoqui,1600000.0,2600000.0,347800.0,1100.0,5600.0
395,396,gustavomeloof,4400000.0,2400000.0,135200.0,3800.0,14800.0
396,397,mariajosegi,1400000.0,2500000.0,516300.0,2700.0,2000.0
397,398,donday,3900000.0,6100000.0,356900.0,1400.0,1400.0
398,399,joslum,10300000.0,3100000.0,539600.0,2200.0,1400.0
399,400,magicnonik,2200000.0,5200000.0,559400.0,1200.0,803.0
400,401,thetortoisewhisperer,5300000.0,3100000.0,339200.0,3000.0,2700.0
401,402,sammy_dao222,2200000.0,2000000.0,316700.0,7500.0,1800.0
402,403,dementekovacs,2000000.0,2300000.0,431100.0,3000.0,3000.0
403,404,ahmdpubg,206600.0,6400000.0,131400.0,3000.0,4000.0
404,405,koolkuntkaz,282500.0,2900000.0,451500.0,2700.0,1800.0
405,406,anokhinalz,33500000.0,3600000.0,403800.0,3500.0,560.0
406,407,murphslife,3700000.0,2000000.0,237400.0,3600.0,8900.0
407,408,jaywheeler,4600000.0,1900000.0,328400.0,3500.0,5900.0
408,409,skaijackson,19500000.0,2400000.0,492800.0,3400.0,1600.0
409,410,marianna.balsamo,1300000.0,7200000.0,420400.0,1100.0,770.0
410,411,lucaslopezvilet,2400000.0,2000000.0,257300.0,2200.0,9200.0
411,412,twohottakes,2600000.0,1800000.0,304700.0,8900.0,1500.0
412,413,farhakhalidi,1200000.0,3000000.0,282200.0,5100.0,1600.0
413,414,egorkreed,11800000.0,3300000.0,362200.0,3400.0,1400.0
414,415,zoekanolnot,1400000.0,1100000.0,306700.0,4800.0,11600.0
415,416,itsmenicksmithy2,8400000.0,3300000.0,330100.0,2800.0,2200.0
416,417,jojohfsex,1200000.0,2600000.0,345300.0,3800.0,2400.0
417,418,zusjeofficial,6900000.0,5900000.0,315000.0,2100.0,840.0
418,419,simplesmentenoix,6100000.0,3000000.0,433900.0,3000.0,1200.0
419,420,lupillafran,398800.0,2900000.0,336600.0,3100.0,2500.0
420,421,otakoyakisoba,13300000.0,3800000.0,308100.0,2100.0,2500.0
421,422,wren.eleanor,16800000.0,3000000.0,383100.0,2200.0,2400.0
422,423,soylamorena,6000000.0,2100000.0,211500.0,1800.0,10200.0
423,424,kikakiim,27700000.0,3100000.0,407200.0,2700.0,1500.0
424,425,azizxj,866800.0,959700.0,213200.0,10200.0,15600.0
425,426,renpc_,2500000.0,1800000.0,313100.0,2100.0,7500.0
426,427,maxthemeatguy,3200000.0,4200000.0,441800.0,1200.0,1600.0
427,428,fishingarrett,1900000.0,2100000.0,322300.0,3200.0,4400.0
428,429,pandasakha,3000000.0,6000000.0,238600.0,2500.0,1100.0
429,430,internetfunny,1900000.0,1700000.0,423900.0,1900.0,5100.0
430,431,larissagloor,2000000.0,1500000.0,302700.0,8000.0,3200.0
431,432,rug,8700000.0,4300000.0,382400.0,2200.0,924.0
432,433,kulinaria.recetas,2200000.0,2100000.0,182400.0,469.0,12700.0
433,434,steven_he,4400000.0,2000000.0,298800.0,2400.0,6300.0
434,435,gabifaye,10200000.0,5000000.0,249600.0,1300.0,2700.0
435,436,matheuskriwat,9300000.0,2900000.0,267500.0,3900.0,2600.0
436,437,frontal,945500.0,2300000.0,233800.0,5700.0,3600.0
437,438,kbandkarla,758100.0,1900000.0,272100.0,883.0,9000.0
438,439,dylanswagmoney,5000.0,701600.0,391600.0,8100.0,10000.0
439,440,ashkaashh,2400000.0,2400000.0,282200.0,3200.0,4100.0
440,441,yourdogsbestfriend,697200.0,1800000.0,285000.0,2700.0,6900.0
441,442,cerenyaldz,9000000.0,2100000.0,169300.0,12000.0,1800.0
442,443,cyrusdobre,9500000.0,3900000.0,268000.0,3800.0,893.0
443,444,juaniquilador,7300000.0,1800000.0,333800.0,6600.0,1500.0
444,445,vincentgiganteee,2000000.0,2400000.0,284500.0,2000.0,5000.0
445,446,mattcolbo,211400.0,912700.0,454400.0,2800.0,8800.0
446,447,emiliamernes,2000000.0,3500000.0,509000.0,1400.0,1300.0
447,448,initiaraandini,3700000.0,3300000.0,363500.0,1800.0,2200.0
448,449,coleandersonj,1100000.0,1900000.0,311400.0,2700.0,5300.0
449,450,la_lerma,10900000.0,2700000.0,384200.0,1200.0,3300.0
450,451,niti3_,1500000.0,2500000.0,380200.0,1900.0,3100.0
451,452,stellajero16,1000000.0,1200000.0,246300.0,13600.0,2100.0
452,453,willikatiana,2800000.0,3900000.0,225300.0,4800.0,437.0
453,454,fedevigevani,12100000.0,2000000.0,372400.0,5500.0,674.0
454,455,edmatthewstokky,528000.0,2500000.0,226300.0,3900.0,4200.0
455,456,brawlstars,3700000.0,1700000.0,213400.0,10800.0,1800.0
456,457,cierraramirezofficial,1200000.0,2900000.0,469700.0,1200.0,2100.0
457,458,ramizeinn,13300000.0,3800000.0,279100.0,2700.0,1600.0
458,459,la.maraaa,5600000.0,2800000.0,501900.0,2800.0,422.0
459,460,joejonas,4900000.0,1900000.0,249300.0,2300.0,7200.0
460,461,riaricis,24700000.0,3900000.0,373200.0,1600.0,1500.0
461,462,pacodemiguel,6200000.0,1700000.0,236600.0,1800.0,9300.0
462,463,lglinh138,32600.0,1500000.0,185100.0,9200.0,6900.0
463,464,naple_13,187400.0,4200000.0,47000.0,11500.0,11200.0
464,465,anardreams,14300000.0,4500000.0,146300.0,5500.0,1300.0
465,466,machikayt,11600000.0,3000000.0,368200.0,2400.0,1600.0
466,467,alena_sahnova,12000000.0,4100000.0,389600.0,1300.0,1400.0
467,468,doge_g,292500.0,1400000.0,284000.0,1700.0,9200.0
468,469,calebcoffee,10300000.0,2700000.0,408500.0,3100.0,840.0
469,470,rosalia,15600000.0,3100000.0,460000.0,2100.0,978.0
470,471,frankiefictitious,1100000.0,3300000.0,969400.0,727.0,626.0
471,472,thinhung99,5600000.0,2800000.0,345500.0,3200.0,1300.0
472,473,judiitharias,15400000.0,5100000.0,471200.0,1300.0,475.0
473,474,nazdej,7300000.0,3100000.0,253600.0,2400.0,3200.0
474,475,nick.digiovanni,8199999.999999999,2900000.0,416800.0,2300.0,1200.0
475,476,itayvargas,17200000.0,1600000.0,330400.0,1800.0,6100.0
476,477,damedamian,4200000.0,1600000.0,644400.0,2100.0,1900.0
477,478,morimura,5800000.0,1700000.0,349600.0,3400.0,3600.0
478,479,lgndfrvr,15400000.0,2900000.0,276000.0,1600.0,3600.0
479,480,dababy,6500000.0,1900000.0,314900.0,4900.0,2200.0
480,481,jaxwritessongs,8100000.0,1800000.0,252200.0,4800.0,4600.0
481,482,ava_love33,2600000.0,2600000.0,396600.0,3200.0,758.0
482,483,francis.bourgeois,2200000.0,2300000.0,244200.0,2400.0,4900.0
483,484,charlyokei,3500000.0,3300000.0,349000.0,2300.0,1200.0
484,485,oli_natu,7200000.0,3200000.0,414000.0,1500.0,1600.0
485,486,myggglf,186800.0,3400000.0,211700.0,4100.0,1500.0
486,487,oblomoffrecipe,4900000.0,2700000.0,235800.0,1500.0,4800.0
487,488,interesting.thingsz,3700000.0,2700000.0,313000.0,3400.0,1300.0
488,489,yefersoncossio,10300000.0,4400000.0,395000.0,1500.0,804.0
489,490,elinaageeva,1800000.0,2300000.0,337200.0,1100.0,4100.0
490,491,official_eudy,6900000.0,983100.0,317800.0,4500.0,8100.0
491,492,dez.thelez,2700000.0,1300000.0,316400.0,2600.0,6900.0
492,493,theevaelfie,3600000.0,2500000.0,192100.0,6300.0,1800.0
493,494,hotramyun,669000.0,3800000.0,457000.0,1700.0,551.0
494,495,ryanbakery,996800.0,2000000.0,268800.0,3400.0,3800.0
495,496,joesantagato,1300000.0,1800000.0,200600.0,1700.0,9200.0
496,497,priimoraa,12300000.0,3000000.0,476700.0,1700.0,1000.0
497,498,tunico80,5200000.0,2400000.0,302000.0,2600.0,2800.0
498,499,boywithuke,3400000.0,2300000.0,322300.0,4100.0,1000.0
499,500,jacobsutherland,346800.0,1200000.0,264900.0,4400.0,7500.0
500,501,mimiermakeup,13100000.0,3500000.0,473500.0,1700.0,567.0
501,502,infinite,7000000.0,3400000.0,295900.0,3000.0,754.0
502,503,payton,15300000.0,1600000.0,223900.0,6900.0,3400.0
503,504,asyrafjamall,1900000.0,5000000.0,241000.0,886.0,2200.0
504,505,matheusevitoriaofc,6400000.0,2700000.0,247800.0,2500.0,3000.0
505,506,veydi_rush,7600000.0,2500000.0,355700.0,1300.0,2800.0
506,507,fedez,5100000.0,1400000.0,303200.0,2100.0,6500.0
507,508,wasyanka,2200000.0,2600000.0,141800.0,1000.0,9000.0
508,509,augustogimenez,11400000.0,3000000.0,398100.0,2000.0,973.0
509,510,anggun_mans,12900000.0,5600000.0,197900.0,2100.0,1200.0
510,511,jigpx,4900000.0,2400000.0,219300.0,5700.0,1100.0
511,512,dillajaidi,989600.0,2800000.0,365600.0,2000.0,1600.0
512,513,_vincealarcon,5500000.0,4600000.0,364200.0,1100.0,1000.0
513,514,rubentuestaok,9600000.0,3500000.0,274800.0,914.0,2800.0
514,515,romanlolo,702700.0,1800000.0,399500.0,3200.0,1700.0
515,516,sibenitoo,4400000.0,2700000.0,231900.0,2700.0,3100.0
516,517,larrywheels,1400000.0,1900000.0,205700.0,3000.0,6000.0
517,518,qwer_roblox2,10700.0,954300.0,217600.0,11700.0,5300.0
518,519,xobrooklynne,10700000.0,2400000.0,286900.0,4600.0,465.0
519,520,sveta.marcel,3500000.0,3600000.0,285500.0,1400.0,2000.0
520,521,madelineaford,1500000.0,1500000.0,665200.0,2300.0,1200.0
521,522,djsandyremix,175700.0,2300000.0,207800.0,4700.0,2600.0
522,523,jarvali,2100000.0,1600000.0,384200.0,3600.0,2100.0
523,524,monika.kociolek,2500000.0,1600000.0,267400.0,6300.0,1900.0
524,525,hellmanretailgroup,4100000.0,1800000.0,212800.0,7600.0,1800.0
525,526,jrayssaleal,4400000.0,3900000.0,277700.0,2600.0,600.0
526,527,ugolord,4900000.0,3200000.0,176200.0,5700.0,514.0
527,528,antrobo10,337100.0,1200000.0,169400.0,4000.0,13600.0
528,529,dermdoctor,12600000.0,4100000.0,216100.0,1000.0,2900.0
529,530,zakuryy,288300.0,1500000.0,203800.0,2500.0,8800.0
530,531,nicholas_crown,1300000.0,4000000.0,633700.0,818.0,556.0
531,532,lukman_nj,3300000.0,3400000.0,315400.0,2600.0,631.0
532,533,leidys_sotolongo,11200000.0,3200000.0,408600.0,2000.0,572.0
533,534,bsnano1,11300.0,2000000.0,254800.0,3400.0,3300.0
534,535,dagibee,1000000.0,2500000.0,334200.0,2200.0,2000.0
535,536,jensjulius_tejlgaard,440300.0,2500000.0,174000.0,1400.0,6400.0
536,537,lourdasprec,8500000.0,1000000.0,302300.0,7000.0,4200.0
537,538,gianlucavacchi,21400000.0,3400000.0,255800.0,2500.0,1400.0
538,539,garyowencom,1900000.0,2000000.0,202600.0,1200.0,7300.0
539,540,itsizail,4700000.0,1300000.0,209700.0,7600.0,4600.0
540,541,anthonnyswagg3,8100000.0,2300000.0,220000.0,3000.0,3800.0
541,542,carloscastroes,10100000.0,2600000.0,289600.0,551.0,3900.0
542,543,suavexavier,10500000.0,3000000.0,247700.0,2200.0,2300.0
543,544,cos_s1,22300.0,1700000.0,179400.0,3500.0,7400.0
544,545,kkarrrambaby,14000000.0,2800000.0,441000.0,1700.0,1000.0
545,546,leanadeeb,3500000.0,2700000.0,407100.0,953.0,2000.0
546,547,gabimfmoura,7000000.0,2600000.0,329200.0,1500.0,2300.0
547,548,ox_zung,39100000.0,2700000.0,320600.0,2900.0,942.0
548,549,gb0012,1700000.0,2000000.0,222800.0,3800.0,3600.0
549,550,laurathesimp,706400.0,1800000.0,285100.0,2500.0,3900.0
550,551,barisresmiii,11500000.0,4200000.0,234000.0,2300.0,1000.0
551,552,ikendrena,6700000.0,2600000.0,393900.0,2700.0,524.0
552,553,joshrichards,25600000.0,2400000.0,366900.0,2200.0,1500.0
553,554,adamw,15400000.0,2800000.0,304300.0,1300.0,2500.0
554,555,tylerashtonn,4000000.0,1400000.0,222100.0,8600.0,1700.0
555,556,preppyclaws,2700000.0,1600000.0,220500.0,8300.0,1100.0
556,557,hasanmucci,1600000.0,2900000.0,181900.0,2900.0,3200.0
557,558,littlejem4,1800000.0,2100000.0,302600.0,3800.0,1200.0
558,559,rockstar.bosa,1800000.0,975100.0,256800.0,2900.0,9800.0
559,560,nabela,7200000.0,2600000.0,411900.0,1600.0,1400.0
560,561,rawanfahmii,3300000.0,3900000.0,274800.0,1900.0,1100.0
561,562,faryanggaa,3700000.0,1700000.0,339000.0,4100.0,1400.0
562,563,gordonramsayofficial,30900000.0,3000000.0,267800.0,2800.0,1100.0
563,564,danivallem,3300000.0,1600000.0,116100.0,765.0,16200.0
564,565,louuuyoung,467600.0,1100000.0,155100.0,4300.0,14000.0
565,566,gorowok21,352800.0,2100000.0,202200.0,5600.0,1800.0
566,567,thatlittlepuff,22900000.0,3300000.0,397600.0,1200.0,1200.0
567,568,milaalawiyah,3800000.0,4000000.0,401700.0,1300.0,613.0
568,569,nattinatasha,14300000.0,2800000.0,352500.0,1700.0,1500.0
569,570,los_escachaitos,2600000.0,2400000.0,198900.0,3300.0,3200.0
570,571,annaxsitar,11500000.0,3500000.0,537300.0,835.0,803.0
571,572,kingsalmanan,828500.0,4800000.0,336800.0,0.0,1900.0
572,573,raulbazanm,4200000.0,4100000.0,247800.0,1600.0,1500.0
573,574,lexychaplin,2900000.0,2100000.0,338800.0,3600.0,739.0
574,575,lucasvarelaaaa,2300000.0,1600000.0,219800.0,955.0,7700.0
575,576,mariabecerra_22,5600000.0,2700000.0,358200.0,2100.0,1100.0
576,577,jailyneojeda,16600000.000000002,3400000.0,299500.0,1600.0,1400.0
577,578,khonpetch56,3100000.0,2300000.0,206200.0,2500.0,3800.0
578,579,magaly.rds,495600.0,3000000.0,310200.0,2300.0,928.0
579,580,crisdevilgamer7,4200000.0,2000000.0,324100.0,4000.0,598.0
580,581,lizzy.schneider,243300.0,2900000.0,489100.0,996.0,1100.0
581,582,agelo_9,536200.0,1400000.0,130700.0,7100.0,8600.0
582,583,volvydooya,650300.0,1600000.0,342600.0,2300.0,3200.0
583,584,katkatyeah,908200.0,3000000.0,425600.0,1300.0,1000.0
584,585,datvilla94,3700000.0,2200000.0,228000.0,4100.0,1900.0
585,586,superjekitaa,2900000.0,2100000.0,324600.0,3700.0,573.0
586,587,ianboggs,10200000.0,3100000.0,371500.0,2300.0,264.0
587,588,emilymariko,9400000.0,3600000.0,325200.0,1500.0,916.0
588,589,lossiblings_,22000000.0,2700000.0,347000.0,1800.0,1300.0
589,590,beca,20900000.0,2300000.0,287400.0,3000.0,1300.0
590,591,schrodingerlee,1100000.0,2500000.0,356100.0,1600.0,1600.0
591,592,owen.han,915400.0,2900000.0,210700.0,941.0,3800.0
592,593,apple,1200000.0,34300000.0,147100.0,0.0,565.0
593,594,avani,39700000.0,2000000.0,311300.0,3200.0,1300.0
594,595,ajravsss,8000000.0,2700000.0,355300.0,2300.0,626.0
595,596,tootymcnooty,6600000.0,1500000.0,323400.0,1900.0,4100.0
596,597,dustinvogelbacher,624200.0,1300000.0,78300.0,1300.0,26300.0
597,598,rachsullivan__,1000000.0,3200000.0,387200.0,824.0,1400.0
598,599,linhkool1993,4200000.0,4300000.0,323300.0,1400.0,598.0
599,600,420althea,1200000.0,1600000.0,224300.0,4600.0,3200.0
600,601,lonely.moods,354500.0,815500.0,214000.0,5400.0,10600.0
601,602,yamandihati,267700.0,2700000.0,78900.0,8200.0,4800.0
602,603,cauamacedo,10000000.0,2000000.0,292300.0,4400.0,425.0
603,604,mattiastanga,2200000.0,1300000.0,215000.0,1700.0,8200.0
604,605,annemarie,6200000.0,3100000.0,366000.0,1900.0,526.0
605,606,_nch04,4600000.0,4400000.0,302400.0,1300.0,746.0
606,607,r.rikiansyah,1900000.0,1100000.0,154600.0,1500.0,14500.0
607,608,rudy_willingham,4300000.0,3500000.0,303600.0,490.0,2100.0
608,609,bikedasher,903100.0,3600000.0,338700.0,1500.0,773.0
609,610,rauwalejandro,8000000.0,1800000.0,303700.0,3700.0,1200.0
610,611,thatrachelharper,461200.0,1300000.0,204800.0,928.0,9100.0
611,612,jonata_26,3300000.0,1800000.0,296900.0,1300.0,3700.0
612,613,luancarvalhosc,159800.0,1100000.0,231200.0,6900.0,3500.0
613,614,outofcontextskyrim,72400.0,1500000.0,184000.0,1800.0,8000.0
614,615,wuesilva,10200000.0,2200000.0,244800.0,2900.0,2200.0
615,616,karll9_,755400.0,2800000.0,187300.0,3000.0,2100.0
616,617,yimotapir,3200000.0,1200000.0,165700.0,1200.0,12200.0
617,618,na_xapaktepe,3900000.0,2200000.0,109200.0,554.0,10500.0
618,619,kristenhanby123,9500000.0,3900000.0,262600.0,769.0,1900.0
619,620,borisao_blois,2900000.0,2300000.0,218300.0,2400.0,2800.0
620,621,duolingo,2900000.0,1500000.0,253600.0,4100.0,2900.0
621,622,marxff_,987300.0,2000000.0,206500.0,5500.0,953.0
622,623,popokbolong,1600000.0,1700000.0,322800.0,3200.0,1600.0
623,624,jimmydarts,5400000.0,1600000.0,261600.00000000003,5200.0,1100.0
624,625,pes_strange,8500.0,1800000.0,177400.0,285.0,8000.0
625,626,teddycollects,194200.0,2000000.0,242300.0,2600.0,3000.0
626,627,moni_lina,14300000.0,8700000.0,159300.0,474.0,1400.0
627,628,soysuco_ff,3400000.0,2100000.0,302600.0,3700.0,412.0
628,629,casaltoxico,5800000.0,2300000.0,336200.0,2000.0,1400.0
629,630,nada_m7amed,5500000.0,2400000.0,252500.0,2500.0,1900.0
630,631,lynaperezxo,8000000.0,2600000.0,311500.0,1600.0,1700.0
631,632,daveardito,8199999.999999999,1900000.0,323000.0,1900.0,2300.0
632,633,kokoobetz,493500.0,1600000.0,291000.0,1200.0,4400.0
633,634,oldtimehawkey,4800000.0,1500000.0,268600.0,3300.0,3100.0
634,635,babehojol,1200000.0,1900000.0,214200.0,2400.0,4000.0
635,636,somi_official_,5500000.0,1700000.0,429300.0,2900.0,624.0
636,637,ivanovik.83,172700.0,2300000.0,91500.0,1100.0,11100.0
637,638,avanireyes,3800000.0,3000000.0,134700.0,4900.0,1400.0
638,639,4yilol,34800.0,1600000.0,267400.0,1700.0,4300.0
639,640,lorengray,54400000.0,2400000.0,354800.0,1500.0,1400.0
640,641,countingschleeps,2000000.0,2200000.0,378200.0,1400.0,1600.0
641,642,eddievr,9000000.0,3400000.0,367600.0,1100.0,917.0
642,643,acrylics.baby,154200.0,2600000.0,273700.0,3000.0,540.0
643,644,mispastelitos_,8600000.0,2400000.0,399200.0,1200.0,1400.0
644,645,nathypeluso,5000000.0,2300000.0,388000.0,1700.0,1100.0
645,646,dyaahh19,6700000.0,2600000.0,98600.0,9600.0,385.0
646,647,qpark,29800000.0,2300000.0,190300.0,2500.0,3200.0
647,648,bluefacebleedem,8800000.0,2300000.0,293200.0,2300.0,1400.0
648,649,gilmhercroes,35000000.0,3300000.0,171000.0,2000.0,2400.0
649,650,marisol.viola,815400.0,2100000.0,220200.0,2300.0,3200.0
650,651,spider_slack,30000000.0,3500000.0,279300.0,1400.0,1200.0
651,652,attahalilintar,9400000.0,3000000.0,341700.0,1600.0,795.0
652,653,alongcameabby,3300000.0,1800000.0,195800.0,1800.0,5400.0
653,654,foodtimecali,3500000.0,1800000.0,129000.0,311.0,10300.0
654,655,livvy,4800000.0,2400000.0,279800.0,2200.0,1400.0
655,656,ingratax,14100000.0,3000000.0,483300.0,1300.0,429.0
656,657,meredithduxbury,14800000.0,3100000.0,398700.0,1600.0,412.0
657,658,r___.89,2900000.0,1900000.0,267200.0,3100.0,1700.0
658,659,seungbin030708,4400000.0,3300000.0,350600.0,1400.0,681.0
659,660,herranwalt,4900000.0,1700000.0,208600.0,4000.0,2900.0
660,661,jaccleexs,3800000.0,2600000.0,461000.0,1700.0,375.0
661,662,justthenobodys,6700000.0,1800000.0,195000.0,2400.0,4500.0
662,663,hallebailey,712900.0,1500000.0,301100.0,4100.0,1300.0
663,664,jamal.jamael,2500000.0,1700000.0,228000.0,3100.0,3100.0
664,665,abrunalouise,4400000.0,2100000.0,317500.0,951.0,2700.0
665,666,williwhey,7500000.0,1900000.0,229400.0,1400.0,4100.0
666,667,briggi_bozzo,20000000.0,4900000.0,430300.0,539.0,600.0
667,668,pablitocastilloo,4000000.0,1700000.0,162900.0,1100.0,7900.0
668,669,emilyfauver,3000000.0,2200000.0,344100.0,1100.0,2100.0
669,670,polinka_girla,4300000.0,3400000.0,329700.0,1300.0,823.0
670,671,discord,2900000.0,1700000.0,292900.0,4100.0,735.0
671,672,camilo,27300000.0,3300000.0,284600.0,1200.0,1300.0
672,673,dadansapta_irwn,1300000.0,1400000.0,187100.0,4100.0,5000.0
673,674,mikasalamanca,9700000.0,2700000.0,302900.0,1400.0,1500.0
674,675,benoit_chevalier,8000000.0,1600000.0,177700.0,4000.0,4300.0
675,676,soyalexquiroz0,4900000.0,1800000.0,267400.0,1600.0,3300.0
676,677,panarinkaa,7000000.0,2600000.0,345300.0,1100.0,1500.0
677,678,esperansagrasia,1600000.0,1300000.0,226300.0,1500.0,6500.0
678,679,kopke613,3500000.0,1200000.0,142200.0,1900.0,12500.0
679,680,leirbag____,1400000.0,2300000.0,140700.0,2200.0,5100.0
680,681,marianne.la.mesera,2800000.0,2100000.0,493600.0,1300.0,935.0
681,682,shawnmendes,8400000.0,1200000.0,242100.0,4100.0,3800.0
682,683,gavrilinaa,15800000.0,2300000.0,275300.0,2000.0,1700.0
683,684,alitaalvarez5,7900.0,1200000.0,94100.0,2300.0,18200.0
684,685,pipepunkoficial,991200.0,1800000.0,397800.0,573.0,2700.0
685,686,benkielesinski,2600000.0,1500000.0,296800.0,3400.0,2000.0
686,687,heymynamesluna,4300000.0,1500000.0,176400.0,1400.0,7300.0
687,688,_canalf,1800000.0,2600000.0,220800.0,3500.0,544.0
688,689,andy.and.michelle,2700000.0,2400000.0,224200.0,1600.0,2800.0
689,690,mydaddysteve,635100.0,2000000.0,234300.0,1900.0,2900.0
690,691,savv.labrant,29200000.0,2600000.0,377300.0,1800.0,491.0
691,692,pekruuu,1500000.0,1400000.0,205400.0,3500.0,4400.0
692,693,lagaitagaitan,4700000.0,3300000.0,278400.0,1400.0,1100.0
693,694,ayaatanjali_,5600000.0,1800000.0,293300.0,3100.0,1200.0
694,695,jeromepolin98,3900000.0,1200000.0,226300.0,6900.0,1500.0
695,696,hmzahbate,3300000.0,4100000.0,246300.0,1200.0,1000.0
696,697,vzelivx,731300.0,2100000.0,271200.0,2600.0,1300.0
697,698,noordabashh,7900000.0,2000000.0,394900.0,1400.0,1400.0
698,699,padre_patrick,2200000.0,1100000.0,162000.0,1800.0,10600.0
699,700,tiahranelson,3700000.0,2100000.0,284700.0,2100.0,1600.0
700,701,keshi,684100.0,1600000.0,266700.0,3100.0,2000.0
701,702,nickandcarrie,5000000.0,2600000.0,339100.0,1100.0,1400.0
702,703,vivi,9800000.0,2300000.0,287500.0,2700.0,642.0
703,704,fiersabesari,1500000.0,1100000.0,140800.0,1100.0,12500.0
704,705,royroy1228,59700.0,1300000.0,157700.0,6100.0,4900.0
705,706,saesiii,4400000.0,3300000.0,178400.0,1200.0,2500.0
706,707,lilyachty,7800000.0,1800000.0,244400.0,2700.0,2200.0
707,708,brodywellmaker,18400000.0,2000000.0,257900.0,1800.0,2400.0
708,709,dontstopmeowing,8800000.0,2300000.0,271400.0,1500.0,2000.0
709,710,gevids,10200000.0,3300000.0,188400.0,2600.0,854.0
710,711,fahmi.nm,7000000.0,2300000.0,284400.0,2400.0,883.0
711,712,buithanhtuyen2003,1600000.0,2100000.0,315300.0,2800.0,406.0
712,713,semiraminta,11100000.0,2200000.0,153700.0,5800.0,480.0
713,714,nufc,791600.0,1200000.0,180900.0,5100.0,4600.0
714,715,fortnitekanal.exe,1100000.0,1400000.0,179400.0,7000.0,1500.0
715,716,yizaroff,3500000.0,2100000.0,305500.0,2500.0,758.0
716,717,zdotss,801600.0,1500000.0,197300.0,2500.0,4600.0
717,718,baldybrobryzxz,10100000.0,3200000.0,279300.0,2100.0,260.0
718,719,ererervin,77600.0,2300000.0,250200.0,2300.0,1400.0
719,720,mexicocookingclub,10100000.0,2000000.0,222300.0,1800.0,2900.0
720,721,theawesomelawsons,2700000.0,2100000.0,261500.0,1500.0,2300.0
721,722,hansdowel,4100000.0,2100000.0,284900.0,2200.0,1300.0
722,723,jayandsharon,1900000.0,1500000.0,254000.0,1500.0,3900.0
723,724,that_vs_them,1300000.0,1400000.0,190800.0,4900.0,2900.0
724,725,miichaelltran,6000000.0,2200000.0,285700.0,2000.0,1300.0
725,726,pedrolzc,367000.0,1400000.0,601200.0,1600.0,867.0
726,727,daisykeech,6600000.0,2900000.0,289600.0,424.0,2100.0
727,728,julesleblanc,18600000.0,2100000.0,389100.0,1600.0,871.0
728,729,samplertimes,1500000.0,2700000.0,333100.0,934.0,1300.0
729,730,kasurita_millonario,3000000.0,1900000.0,297800.0,3100.0,507.0
730,731,itskingchris,15000000.0,1600000.0,319500.0,2100.0,1900.0
731,732,khaicakhia99,3500000.0,3300000.0,300200.0,1700.0,376.0
732,733,janeydm,14000000.0,3200000.0,415400.0,1300.0,293.0
733,734,danielthrasher,1600000.0,1800000.0,376500.0,1100.0,1900.0
734,735,leohwan,1100000.0,1200000.0,251400.0,3800.0,2900.0
735,736,milligram96,1300000.0,1600000.0,209300.0,2300.0,3800.0
736,737,jordanemel,8100000.0,3100000.0,185900.0,1600.0,2000.0
737,738,michaeloftiktok,730200.0,1700000.0,230800.0,3100.0,2200.0
738,739,erfaina88,676800.0,1200000.0,142000.0,4700.0,7700.0
739,740,thehypehouse,19800000.0,2700000.0,358500.0,1700.0,387.0
740,741,brunoberti,8700000.0,3400000.0,135400.0,3200.0,1200.0
741,742,thedumbcatshow,1400000.0,1000000.0,268900.0,2300.0,4900.0
742,743,sahponcio,1300000.0,2500000.0,364300.0,1400.0,858.0
743,744,jamesneese2,2000000.0,1200000.0,149200.0,6400.0,4800.0
744,745,genshin_impact_ru,1400000.0,968200.0,259300.0,4600.0,3400.0
745,746,saydenseay,3200000.0,1000000.0,251200.0,2600.0,5400.0
746,747,caraos,4000000.0,1100000.0,310400.0,3100.0,2800.0
747,748,bessan_esmail,9800000.0,2000000.0,183900.0,3200.0,2200.0
748,749,_catben_,8700000.0,2100000.0,222300.0,2000.0,2200.0
749,750,footballszone,372600.0,1900000.0,231400.0,1800.0,2900.0
750,751,john_malecki,286700.0,4000000.0,178100.0,1200.0,1600.0
751,752,keemokazi,24300000.0,2300000.0,446000.0,1500.0,424.0
752,753,cookingwithlynja,8900000.0,2600000.0,254300.0,1600.0,1400.0
753,754,luisasonza,13000000.0,1900000.0,291900.0,2500.0,1100.0
754,755,joe.bartolozzi,17200000.0,1700000.0,292300.0,3400.0,578.0
755,756,mrjrs2,6700000.0,1700000.0,259100.00000000003,3000.0,1400.0
756,757,giovannidasrimass,6500000.0,2100000.0,172200.0,2500.0,2900.0
757,758,laurensulli,83400.0,1100000.0,201100.0,3000.0,5800.0
758,759,anxietycouple,10300000.0,3000000.0,300800.0,872.0,1300.0
759,760,dilaraaduman,1500000.0,3000000.0,202900.0,1400.0,1900.0
760,761,jo1_gotothetop,320400.0,1100000.0,96600.0,3500.0,15400.0
761,762,rad.miru,8400000.0,5700000.0,287600.0,846.0,351.0
762,763,spicyycam_,17700000.0,2400000.0,299100.0,2100.0,608.0
763,764,4q2y,852100.0,2300000.0,165900.0,4000.0,1000.0
764,765,xibibrothers,7100000.0,2700000.0,326600.0,852.0,1300.0
765,766,in_the_nic_of_time,5200000.0,2100000.0,297200.0,2300.0,766.0
766,767,snarkymarky,4600000.0,1400000.0,253600.0,2900.0,2500.0
767,768,mikeyyk88,176900.0,1300000.0,176700.0,2900.0,5400.0
768,769,leftistjayce,33600.0,1100000.0,203200.0,3000.0,5500.0
769,770,yousefmousa.1,380900.0,2200000.0,130600.0,2300.0,4300.0
770,771,ryanhdlombard,7600000.0,1700000.0,262400.0,1100.0,3300.0
771,772,hoaminzy_hoadambut,3800000.0,3300000.0,291200.0,1200.0,744.0
772,773,orange_egypt,390400.0,11300000.0,101000.0,788.0,869.0
773,774,meosimmyyt,3500000.0,1300000.0,218200.0,5500.0,1100.0
774,775,incorrectlyroce,4200000.0,1800000.0,319900.0,1700.0,1600.0
775,776,danissntss,182300.0,1700000.0,403100.0,1800.0,1000.0
776,777,yarenalaca,5400000.0,1900000.0,126400.0,7400.0,611.0
777,778,galkina_anechka,2900000.0,3900000.0,157600.0,2400.0,683.0
778,779,noted99,21300.0,1100000.0,85400.0,30.0,20700.0
779,780,domi.nate,936800.0,1100000.0,169600.0,4100.0,5900.0
780,781,miuka.povs,2000000.0,2100000.0,319300.0,2200.0,585.0
781,782,zodiac.boyfriend,1400000.0,1200000.0,188100.0,2800.0,5400.0
782,783,kaelimaee,7900000.0,2400000.0,324200.0,1000.0,1400.0
783,784,fabiola.baglieri,11200000.0,2700000.0,384100.0,1500.0,265.0
784,785,tasyakamilaofficial,368500.0,3100000.0,270800.0,1200.0,966.0
785,786,vibez..07,363800.0,1100000.0,218800.0,2400.0,5300.0
786,787,danisoomin,7600000.0,2100000.0,307400.0,1700.0,1200.0
787,788,preston,8900000.0,2500000.0,190000.0,3200.0,705.0
788,789,xoteam,28200000.0,2900000.0,309400.0,1400.0,661.0
789,790,luvanthony,10900000.0,2200000.0,402200.0,1400.0,662.0
790,791,mishayoung,3600000.0,2300000.0,198500.0,1700.0,2400.0
791,792,king_misr,1200000.0,1600000.0,156300.0,3800.0,3500.0
792,793,dasigantung,4700000.0,1800000.0,386300.0,1400.0,1200.0
793,794,shehabeldin100,6200000.0,1900000.0,236100.0,1500.0,2500.0
794,795,clearconfused,284900.0,850700.0,197500.0,724.0,10100.0
795,796,virtualontop.mc,130600.0,1300000.0,232200.0,3500.0,2500.0
796,797,cassholland,1200000.0,3200000.0,383000.0,852.0,630.0
797,798,traphousesports,1700000.0,1000000.0,195400.0,1900.0,7400.0
798,799,adhityappeo,3800000.0,2300000.0,360800.0,1600.0,620.0
799,800,300_rt,416200.0,3300000.0,131100.0,3700.0,459.0
800,801,palmertrolls,2400000.0,2300000.0,262800.0,1400.0,1600.0
801,802,revxte,252000.0,2800000.0,195100.0,648.0,2600.0
802,803,itsniane,1600000.0,1000000.0,253800.0,2100.0,4900.0
803,804,_goodvibespositive_,2100000.0,1100000.0,151100.0,933.0,9800.0
804,805,saniur_muhamad,836700.0,2300000.0,155000.0,2300.0,2700.0
805,806,unique.planet,5400000.0,1700000.0,457300.0,1300.0,961.0
806,807,jaydafnwayda,3000000.0,1700000.0,304200.0,1400.0,2100.0
807,808,kerri_okie,2600000.0,1200000.0,140100.0,8800.0,1800.0
808,809,indrakenz,5300000.0,2700000.0,163100.0,3700.0,301.0
809,810,miadio,4600000.0,1200000.0,255200.0,1400.0,4400.0
810,811,ajgreene15,2700000.0,2100000.0,288700.0,855.0,2100.0
811,812,leanemarts,3300000.0,1900000.0,347900.0,2100.0,549.0
812,813,jumpersjump,6000000.0,1700000.0,266800.0,1500.0,2400.0
813,814,truenorthoutdoors,781700.0,2100000.0,62800.0,286.0,13000.0
814,815,gregisms,2100000.0,893200.0,184800.0,3600.0,7100.0
815,816,just_dt,8900000.0,1600000.0,187900.0,2600.0,3400.0
816,817,katiavlogss,13500000.0,2100000.0,340500.0,2000.0,412.0
817,818,how.kev.eats,1400000.0,2400000.0,294200.0,1800.0,680.0
818,819,flashygman,775600.0,2000000.0,252700.0,1400.0,2000.0
819,820,tonylopez,23100000.0,2100000.0,281700.0,2200.0,733.0
820,821,christiantye,2700000.0,1800000.0,226300.0,1500.0,2700.0
821,822,itsjojosiwa,40400000.0,2900000.0,313900.0,1500.0,374.0
822,823,dobretwins,34700000.0,2300000.0,220300.0,3100.0,355.0
823,824,devonrodriguezart,23300000.0,3700000.0,224900.0,1200.0,802.0
824,825,stoveraymond,1900000.0,1100000.0,393100.0,2600.0,1300.0
825,826,victormelo,18200000.0,1800000.0,286100.0,1900.0,1400.0
826,827,thestradman,3000000.0,2100000.0,228000.0,2300.0,1300.0
827,828,sofie.hagen,100300.0,1200000.0,252700.0,1900.0,3600.0
828,829,olivertree,12300000.0,3000000.0,213800.0,1400.0,1200.0
829,830,shoesswap,538300.0,2100000.0,360500.0,1300.0,908.0
830,831,omervarolresmi,213500.0,2000000.0,141100.0,1500.0,4400.0
831,832,giangiu88,2400000.0,2100000.0,231900.0,1200.0,2200.0
832,833,pietro_morello,2000000.0,1800000.0,304600.0,2100.0,1000.0
833,834,shenseea,2200000.0,1800000.0,286800.0,2000.0,1300.0
834,835,iloveyourmomscatt,8200.0,1300000.0,159300.0,4900.0,3300.0
835,836,duvanjimenez,574500.0,1500000.0,153100.0,1800.0,5400.0
836,837,cardi_videos,1800000.0,1900000.0,196100.0,955.0,3500.0
837,838,dariusdobre,7000000.0,2000000.0,213200.0,3600.0,372.0
838,839,lilyxgarcia,8199999.999999999,1700000.0,299000.0,2400.0,884.0
839,840,rodrigoomarques,1200000.0,1400000.0,347100.0,982.0,2400.0
840,841,yourrkayesss,4600000.0,1400000.0,184800.0,5300.0,980.0
841,842,flickerspark_,909400.0,1800000.0,373300.0,790.0,1600.0
842,843,alexailacad_,1800000.0,2400000.0,272800.0,1700.0,857.0
843,844,vietphuongthoa98,9500000.0,2600000.0,315700.0,1700.0,322.0
844,845,bipbrome,4300.0,750700.0,213400.0,4300.0,5900.0
845,846,angelac0123,2000000.0,2900000.0,215800.0,792.0,1800.0
846,847,bussdownbusboy,14300.0,1600000.0,144900.0,3600.0,3400.0
847,848,westbrouck,8199999.999999999,1700000.0,310200.0,2300.0,876.0
848,849,adadieee,422500.0,886800.0,222800.0,5000.0,3200.0
849,850,huba333,8300000.000000001,5300000.0,197800.0,821.0,720.0
850,851,thegoodliars,1300000.0,1900000.0,129600.0,3600.0,3200.0
851,852,outtpig,1400000.0,1600000.0,299400.0,1700.0,1800.0
852,853,dictionarei,1800000.0,1900000.0,309600.0,2300.0,453.0
853,854,poki,6300000.0,1700000.0,148600.0,2400.0,3900.0
854,855,abrahahamflorestw,2300000.0,1500000.0,256800.0,1100.0,3100.0
855,856,cznburak,56000000.0,2900000.0,170600.0,2000.0,1200.0
856,857,jennypopach,6100000.0,3300000.0,243300.0,1700.0,307.0
857,858,galandjosh,2500000.0,1200000.0,263900.0,2600.0,2600.0
858,859,anna..paull,1800000.0,2000000.0,367700.0,1600.0,591.0
859,860,qonitcah,588000.0,1800000.0,203700.0,2900.0,1400.0
860,861,juanchimy,2500000.0,1500000.0,319300.0,2000.0,1300.0
861,862,vidi.aldiano,632300.0,2900000.0,240800.0,1500.0,821.0
862,863,giathilinh,1700000.0,3900000.0,173900.0,0.0,2300.0
863,864,soupytime,5000000.0,1600000.0,335300.0,2000.0,943.0
864,865,me_viki,209200.0,1400000.0,115700.0,9200.0,778.0
865,866,salt_hank,1800000.0,2000000.0,203900.0,1300.0,2600.0
866,867,riumbau,2000000.0,1200000.0,155300.0,1600.0,6700.0
867,868,akngbutaj,467100.0,3600000.0,211900.0,621.0,1400.0
868,869,hellmoona,423500.0,1600000.0,337500.0,1600.0,1300.0
869,870,sammijefcoate_,1500000.0,1600000.0,211000.0,2200.0,2400.0
870,871,joshcullens,632100.0,748800.0,164300.0,10700.0,1800.0
871,872,auditydraws,13400000.0,1600000.0,273800.0,2400.0,1100.0
872,873,yun_bao,6600000.0,1400000.0,251600.0,2500.0,1900.0
873,874,santosrafaelblog,15500000.0,1500000.0,334900.0,2600.0,485.0
874,875,kiocyrrr,9100000.0,2400000.0,295100.0,1000.0,1100.0
875,876,haositofficial,940100.0,1200000.0,176300.0,6000.0,1200.0
876,877,songsforlittles,413900.0,2100000.0,217900.0,1800.0,1500.0
877,878,annupton.art,147700.0,1600000.0,136500.0,1000.0,5900.0
878,879,deiveleonardooficial,5300000.0,853100.0,86700.0,777.0,19800.0
879,880,ygordelano,168000.0,1400000.0,153900.0,2200.0,4800.0
880,881,sole.resell,1700000.0,2200000.0,302600.0,1300.0,1000.0
881,882,viajedeamor,257700.0,988100.0,48500.0,538.0,31100.0
882,883,jadepicon,5800000.0,2500000.0,242200.0,1500.0,949.0
883,884,deshawnharrisss,2100000.0,1700000.0,225400.0,2800.0,1200.0
884,885,luisitocomunica,13700000.0,2400000.0,265300.0,1100.0,1200.0
885,886,anuwattiktok,3200000.0,1400000.0,110300.0,1500.0,8300.0
886,887,mastercorbuzier,1500000.0,2000000.0,121000.0,3300.0,2800.0
887,888,philipdefranco,656200.0,1500000.0,183200.0,3500.0,1900.0
888,889,v1ctoryuh3.0,1500000.0,934300.0,194800.0,2500.0,5600.0
889,890,brigancosplay,690200.0,2400000.0,319400.0,1000.0,890.0
890,891,gavinmagnus,5000000.0,2000000.0,222000.0,2900.0,430.0
891,892,lilireinhart,4100000.0,1200000.0,235100.0,4100.0,1100.0
892,893,jakeandrich,9800000.0,2000000.0,151000.0,2300.0,2600.0
893,894,_inireva,9400.0,718100.0,150200.0,2500.0,11200.0
894,895,graysworld,4300000.0,1600000.0,218200.0,1300.0,2900.0
895,896,tyt_pp,686700.0,1300000.0,168200.0,671.0,6100.0
896,897,vohr,5200000.0,1500000.0,212500.0,2400.0,2400.0
897,898,jauncydev,1200000.0,1100000.0,188800.0,1200.0,5800.0
898,899,rebecalemoss,1900000.0,1300000.0,248000.0,4100.0,616.0
899,900,riwww,13500000.0,1500000.0,203500.0,4000.0,837.0
900,901,cciinnn,4500000.0,2400000.0,291200.0,1600.0,539.0
901,902,b_6x,685200.0,2200000.0,115800.0,3300.0,2500.0
902,903,juliano,6000000.0,1700000.0,231600.0,3100.0,605.0
903,904,anitta,14000000.0,1700000.0,253300.0,2400.0,957.0
904,905,daleyzabeauty,1900000.0,3100000.0,86700.0,144.0,5200.0
905,906,carew_ellington,5900000.0,1800000.0,306900.0,2000.0,572.0
906,907,paupelaez_,3900000.0,1400000.0,262600.0,3200.0,835.0
907,908,moldogaa,558500.0,1400000.0,170700.0,4300.0,1700.0
908,909,mr.sexyguy,3300000.0,1100000.0,216100.0,3200.0,2800.0
909,910,wayeelkaboy10,465300.0,1600000.0,188600.0,2600.0,2300.0
910,911,dersiimx,2100000.0,1000000.0,231500.0,4600.0,1500.0
911,912,natalyaericka,592900.0,990800.0,219100.0,2900.0,3700.0
912,913,mikhail_litvin,8000000.0,3500000.0,302400.0,985.0,364.0
913,914,moontellthat,12400000.0,2500000.0,142000.0,1600.0,2400.0
914,915,waleedalassal,135400.0,4600000.0,106400.0,227.0,2700.0
915,916,yacine_kentache,631500.0,1600000.0,96200.0,6600.0,2900.0
916,917,nilocreyes,343500.0,1200000.0,117900.0,711.0,9000.0
917,918,thaotaotau,4900000.0,2600000.0,322800.0,1300.0,321.0
918,919,linatejeiro8,3800000.0,2400000.0,178500.0,710.0,2600.0
919,920,ariwibxwx,1400000.0,2100000.0,237500.0,1700.0,1100.0
920,921,lea_navvab,2200000.0,1200000.0,282200.0,3200.0,929.0
921,922,kittygod_cn,5200000.0,2500000.0,148300.0,864.0,3000.0
922,923,morganpresleyxo,5000000.0,1300000.0,219400.0,1600.0,3300.0
923,924,xlilsoup,1700000.0,2000000.0,299300.0,2100.0,274.0
924,925,ignaciaa_antonia,26800000.0,2300000.0,347400.0,1200.0,556.0
925,926,tuckot,2000000.0,973700.0,162100.0,2200.0,6700.0
926,927,weirdryanstuff,1200000.0,1700000.0,31000.0,26400.0,418.0
927,928,imanthonyvargas,6400000.0,2000000.0,321400.0,1100.0,1100.0
928,929,homm9k,37100000.0,2000000.0,280200.0,1900.0,527.0
929,930,sjbleau,11700000.0,2600000.0,302000.0,1100.0,615.0
930,931,caioceu,5900000.0,1800000.0,172800.0,4000.0,493.0
931,932,amberromeike,2700000.0,2400000.0,296500.0,959.0,972.0
932,933,leozinn.077,4400000.0,2500000.0,234900.0,1400.0,988.0
933,934,namyulenka,5700000.0,1700000.0,335100.0,1600.0,847.0
934,935,pr4nce,1800000.0,1100000.0,226600.0,3000.0,2500.0
935,936,rebeccazamolo,16600000.000000002,2000000.0,178200.0,3500.0,365.0
936,937,slickbartender,9500000.0,4900000.0,188500.0,1200.0,313.0
937,938,lilnasx,27200000.0,1700000.0,331400.0,1600.0,838.0
938,939,cristorata7,991900.0,1800000.0,218100.0,1400.0,2100.0
939,940,ruroc,1100000.0,2100000.0,218200.0,628.0,2300.0
940,941,rayanfahmi,3100000.0,2800000.0,231700.0,870.0,1200.0
941,942,marianamiamorch,12200000.0,1300000.0,188300.0,4100.0,1500.0
942,943,aylin.criss,16200000.0,2700000.0,337200.0,857.0,659.0
943,944,aichangemoy_,5900000.0,1600000.0,232900.0,2900.0,686.0
944,945,carolinarinconf,3800000.0,2100000.0,214100.0,1600.0,1400.0
945,946,taetoowavy,6800000.0,1100000.0,203100.0,4500.0,1600.0
946,947,corvii_ff,10300000.0,1600000.0,259400.0,2900.0,307.0
947,948,nilskue,7000000.0,1100000.0,249000.0,3600.0,1300.0
948,949,jidion,2900000.0,1400000.0,219700.0,3500.0,842.0
949,950,erictro,1300000.0,2700000.0,276800.0,655.0,1100.0
950,951,the.drone.guy,1300000.0,2500000.0,273000.0,1500.0,399.0
951,952,isareche,187900.0,2000000.0,311300.0,984.0,1100.0
952,953,freeritzyralph,850700.0,1200000.0,221100.0,2000.0,3000.0
953,954,tsezy,4800000.0,2000000.0,253500.0,1900.0,735.0
954,955,madsteaparty,2800000.0,1100000.0,210200.0,4700.0,1200.0
955,956,kotachumu,3400000.0,2200000.0,109300.0,3100.0,2400.0
956,957,venao2323,3700000.0,2300000.0,173300.0,1100.0,2100.0
957,958,sebastiancomedy,442800.0,1400000.0,137100.0,570.0,6200.0
958,959,storyfilmz,75200.0,1300000.0,242800.0,1200.0,3000.0
959,960,itstalasafwan,3500000.0,1900000.0,140300.0,4500.0,360.0
960,961,theacefamily,6100000.0,2500000.0,290900.0,0.0,1800.0
961,962,brotherofcolor,10300000.0,2000000.0,216900.0,2400.0,720.0
962,963,ysahcabrejas_,1000000.0,4100000.0,174800.0,1400.0,381.0
963,964,tasiaalexis,3400000.0,1900000.0,301700.0,1000.0,1200.0
964,965,yskaela,9100000.0,2100000.0,290700.0,935.0,1200.0
965,966,ifdhalr.a,10300000.0,2900000.0,295900.0,1200.0,347.0
966,967,ramonvitor,1100000.0,1400000.0,291700.0,1100.0,2000.0
967,968,thelondoncharles,5300000.0,1400000.0,293400.0,2000.0,1200.0
968,969,abdullah_eltourky,6300000.0,1900000.0,231400.0,1300.0,1600.0
969,970,midnightmood_oficial,12700000.0,1300000.0,151800.0,455.0,6000.0
970,971,maminena0,3300000.0,1300000.0,211600.0,4000.0,842.0
971,972,mercuri_88,17700000.0,2400000.0,210500.0,1100.0,1500.0
972,973,pizza_kjj,978600.0,1600000.0,144500.0,1700.0,4000.0
973,974,vlad.hoshin,9900000.0,1000000.0,201800.0,5000.0,1300.0
974,975,dannygrubs,2400000.0,2300000.0,210800.0,1100.0,1600.0
975,976,garett__nolan,12300000.0,1800000.0,142000.0,2600.0,2300.0
976,977,laserluca,3000000.0,1500000.0,223000.0,2200.0,1600.0
977,978,austinandlexi,2800000.0,1600000.0,228500.0,1300.0,2200.0
978,979,undos,5900000.0,1000000.0,268900.0,3600.0,1100.0
979,980,treynkennedy,3000000.0,1200000.0,138500.0,921.0,6700.0
980,981,daniela_giraldo1,17700000.0,2400000.0,360400.0,1200.0,288.0
981,982,emirelidemir0,874200.0,2500000.0,114700.0,645.0,3800.0
982,983,duncanyounot,4200000.0,1400000.0,360300.0,1700.0,763.0
983,984,jennifer_aplicano,747200.0,1600000.0,146800.0,3000.0,2300.0
984,985,minhnghia13522,2400000.0,2200000.0,264400.0,1900.0,289.0
985,986,lil_stace,5200000.0,2100000.0,242000.0,1000.0,1400.0
986,987,nicoletv,9900000.0,2000000.0,399900.0,983.0,583.0
987,988,carloandsarah,3000000.0,2600000.0,177300.0,662.0,2100.0
988,989,suaraibra,383400.0,922500.0,174200.0,1100.0,6700.0
989,990,johaanzu,3400000.0,1700000.0,316800.0,1700.0,661.0
990,991,lifeofharrison,2700000.0,1400000.0,489200.0,1100.0,731.0
991,992,joerauth_,4400000.0,1700000.0,251000.0,1100.0,1900.0
992,993,charlizeruth,1900000.0,1900000.0,250900.0,1400.0,1200.0
993,994,dilanjaniyar_2,2000000.0,2100000.0,248700.0,2000.0,357.0
994,995,itssissysheridan,6300000.0,1800000.0,320100.0,841.0,1300.0
995,996,leleburnier,1100000.0,1200000.0,284300.0,2800.0,968.0
996,997,sofiadelmonstro,5200000.0,2600000.0,161200.0,1300.0,1600.0
997,998,jena,10500000.0,2800000.0,320300.0,856.0,512.0
998,999,christiandaloii_,2700000.0,1100000.0,188600.0,3000.0,2900.0
999,1000,davidgetial,13200000.0,2300000.0,337500.0,1400.0,212.0
